s_m,x_m,y_m,psi_rad,kappa_radpm,vx_mps,ax_mps3
350.6902136,89633.4765395,43126.6759143,0.7355515624799653,-0.04849135737732636,9.694,0.0
349.6910962,89632.8243186,43127.4327393,0.690799585422877,-0.041052127855847755,9.694,0.0
348.6919788,89632.2036936,43128.2156201,0.6535242350964214,-0.03360434691019057,9.694,0.0
347.6928614,89631.6096425,43129.0189333,0.6236533147537848,-0.026303784897301903,9.694,0.0
346.693744,89631.0368326,43129.8375247,0.6009638772078341,-0.01928889471791374,9.694,0.0
345.6946266,89630.4798325,43130.6669611,0.5851100976866985,-0.01295850848672295,9.694,0.0
344.6955091,89629.9332473,43131.5033223,0.5750697467036674,-0.00783950141692391,9.694,0.0
343.6963917,89629.3930135,43132.3437769,0.5694449301085283,-0.004156162874305176,9.694,0.0
342.6972743,89628.8558778,43133.1862238,0.5667648055122667,-0.002002989204030227,9.694,0.0
341.6981569,89628.3201528,43134.0295684,0.5654424956250641,-0.0010573595347052945,9.694,0.0
340.6990395,89627.7852471,43134.8734326,0.5646519575885334,-0.0006806287633389845,9.694,0.0
339.6999221,89627.250855,43135.717625,0.5640824410897456,-0.0005323789807458846,9.694,0.0
338.7008046,89626.7169094,43136.5621002,0.5635881391602302,-0.0004607331053018739,9.694,0.0
337.7016872,89626.183352,43137.4068207,0.563161787858228,-0.0003935762219369785,9.694,0.0
336.7025698,89625.6501268,43138.2517507,0.562801681283172,-0.00032748604967912246,9.694,0.0
335.7034524,89625.1171777,43139.0968556,0.5625073935592853,-0.00026152182557244604,9.694,0.0
334.704335,89624.5844504,43139.9420985,0.5622790992947753,-0.00019501365680382182,9.694,0.0
333.7052175,89624.051887,43140.787447,0.5621177104213566,-0.00012839868720078236,9.694,0.0
332.7061001,89623.519433,43141.6328611,0.5620225286361711,-6.429397914366063e-05,9.694,0.0
331.7069827,89622.9870307,43142.4783107,0.5619892360082188,-1.7079729995250194e-06,9.694,0.0
330.7078653,89622.4546329,43143.3237604,0.5620191157062058,7.114256257056438e-05,9.694,0.0
329.7087479,89621.9221812,43144.1691764,0.5621313953560025,0.0001673276408014008,9.694,0.0
328.7096305,89621.389592,43145.014509,0.562353475648564,0.00030256502338622837,9.694,0.0
327.710513,89620.856766,43145.8596866,0.5627359907130298,0.00048788984046375933,9.694,0.0
326.7113956,89620.3235295,43146.7046127,0.5633283938239066,0.0007080727675671774,9.694,0.0
325.7122782,89619.7897008,43147.5491611,0.564150888201548,0.0009442185430629874,9.694,0.0
324.7131608,89619.2550762,43148.3932072,0.5652151647447496,0.0011864513592765222,9.694,0.0
323.7140434,89618.7194513,43149.236617,0.5665216967434819,0.001427346756145632,9.694,0.0
322.7149259,89618.1826235,43150.0792624,0.5680673375068466,0.0016669524607393284,9.694,0.0
321.7158085,89617.6443898,43150.9210189,0.5698526706059428,0.0018705875924085926,9.694,0.0
320.7166911,89617.1045568,43151.7617418,0.5718052229239445,0.0015270219336941005,9.694,0.0
319.7175737,89616.5630605,43152.6013583,0.5729039712993935,-0.0002080942480547319,9.694,0.0
318.7184563,89616.0213849,43153.4408874,0.5713894096165908,-0.004704281964074376,9.694,0.0
317.7193389,89615.4824388,43154.2821335,0.5635039272390969,-0.013839887263952666,9.694,0.0
316.7202214,89614.9540982,43155.1300558,0.5437354314025691,-0.027219625530358105,9.694,0.0
315.721104,89614.4487829,43155.992016,0.5091132174813944,-0.04251110239182583,9.694,0.0
314.7219866,89613.9803976,43156.8744292,0.4587907007001837,-0.05841648590426736,9.694,0.0
313.7228692,89613.5642766,43157.7827193,0.39239171557058405,-0.07455225116373294,9.4904938,1.9538058
312.7237518,89613.2168755,43158.7193383,0.30983200953109336,-0.09099777603699208,9.036938,4.2053242
311.7246344,89612.9558207,43159.6832989,0.21060957461111318,-0.10827864583433709,8.6237138,3.6521271
310.7255169,89612.7998783,43160.6699305,0.09353856014820838,-0.12681200872785503,8.2641462,3.0388457
309.7263995,89612.7696792,43161.6674892,-0.04262069780428801,-0.14611689317303583,7.9604294,2.4660148
308.7272821,89612.8847355,43162.6597105,-0.19824015911349768,-0.16585350507852914,7.7268844,1.8334649
307.7281647,89613.161393,43163.6174925,-0.37363246170078135,-0.18307869894006049,7.6105931,0.8925956
306.7290473,89613.6098801,43164.5093427,-0.5635197690262341,-0.1957994326577407,7.5119486,0.7465368
305.7299298,89614.2220228,43165.2960663,-0.7642696639207953,-0.20365378617770308,7.5473788,-0.2670137
304.7308124,89614.9822181,43165.9409323,-0.9695424750526258,-0.20533296070017348,7.5826436,-0.2670137
303.731695,89615.8583833,43166.4185754,-1.1738620265668454,-0.2040101549874644,7.6187512,-0.2746854
302.7325776,89616.8133676,43166.7085212,-1.3767328396587757,-0.20247502511084642,7.6319816,-0.1009763
301.7334602,89617.8062441,43166.801402,-1.5778485497424315,-0.19728943643629532,7.6679781,-0.2756151
300.7343428,89618.7966668,43166.6945343,-1.7700062467750783,-0.18252371916913182,7.7038063,-0.2756151
299.7352253,89619.75352,43166.4082711,-1.9419702545277169,-0.1612901961846175,7.8853634,-1.4164128
298.7361079,89620.6513499,43165.9726651,-2.092051149579007,-0.13910125323187184,8.1690134,-2.2789227
297.7369905,89621.4807954,43165.4164191,-2.219702219588307,-0.11694003705759151,8.5316371,-3.0307011
296.7378731,89622.2399591,43164.7677377,-2.325609799111058,-0.0957198933546142,8.9750239,-3.8845399
295.7387557,89622.934118,43164.0493832,-2.4109028813956845,-0.07573336362943427,9.4820563,-4.6833018
294.7396383,89623.5725174,43163.2807738,-2.4769327141759496,-0.057328969432667236,9.694,-2.0339173
293.7405208,89624.1660695,43162.4772121,-2.5254555645080146,-0.0412517955717684,9.694,0.0
292.7414034,89624.7270423,43161.6503038,-2.5593637381966,-0.02885722760645958,9.694,0.0
291.742286,89625.2648073,43160.8083078,-2.5831211764536284,-0.020363454408071104,9.694,0.0
290.7431686,89625.7857924,43159.9558217,-2.6000530232653682,-0.014717675780538198,9.694,0.0
289.7440512,89626.2947606,43159.0960692,-2.6125298844283544,-0.0111251567473742,9.694,0.0
288.7449337,89626.7943232,43158.2308311,-2.622283429125317,-0.00891016001161304,9.694,0.0
287.7458163,89627.2864261,43157.3613115,-2.6303342898578848,-0.007546309603846701,9.694,0.0
286.7466989,89627.7719983,43156.4881319,-2.6373626574059394,-0.006609062412894589,9.694,0.0
285.7475815,89628.2518305,43155.6117809,-2.643540688278935,-0.005794197930546957,9.694,0.0
284.7484641,89628.7265806,43154.7326614,-2.648940818419012,-0.004988033008996388,9.694,0.0
283.7493467,89629.1969223,43153.8511753,-2.6535079660309537,-0.004124110515318961,9.694,0.0
282.7502292,89629.6636203,43152.9677603,-2.657181753350653,-0.0032174116394073273,9.694,0.0
281.7511118,89630.1274751,43152.0828374,-2.659937122400069,-0.002289887019982787,9.694,0.0
280.7519944,89630.589296,43151.1968673,-2.6617574855320347,-0.0013511428325002665,9.694,0.0
279.752877,89631.049926,43150.3102615,-2.6626370231935343,-0.000408228002608394,9.694,0.0
278.7537596,89631.5101882,43149.4234794,-2.662573221437598,0.0005343889828824453,9.694,0.0
277.7546421,89631.9709294,43148.5369361,-2.6615691901080307,0.0014734608333126823,9.694,0.0
276.7555247,89632.4329725,43147.6510779,-2.6596289015388974,0.0024134691523428516,9.694,0.0
275.7564073,89632.8971434,43146.7663428,-2.6567465504186005,0.0033595830468791023,9.694,0.0
274.7572899,89633.3642875,43145.883159,-2.652915704621606,0.004289885526247272,9.694,0.0
273.7581725,89633.8352289,43145.0019957,-2.6481743504974276,0.005204077855782284,9.694,0.0
272.7590551,89634.3107289,43144.1232775,-2.6425167108484495,0.00670929607465312,9.694,0.0
271.7599376,89634.7915689,43143.2475758,-2.6347681544876584,0.009891461982400256,9.694,0.0
270.7608202,89635.2806041,43142.3763748,-2.6227525540464143,0.016202990243810677,9.694,0.0
269.7617028,89635.782383,43141.5124187,-2.602391767561395,0.027653450611522103,9.694,0.0
268.7625854,89636.3064385,43140.6619186,-2.567498402206963,0.04394414572113679,9.694,0.0
267.763468,89636.8673231,43139.8349187,-2.5145803038434127,0.06243407169833493,9.6399021,0.5234234
266.7643506,89637.4783301,43139.0445097,-2.442736557926767,0.08172836056547048,9.1276689,4.8109327
265.7652331,89638.1517131,43138.3064922,-2.351279331619057,0.10171395977248261,8.6752623,4.0306394
264.7661157,89638.896471,43137.6402415,-2.239478123978345,0.12248938722294296,8.2905458,3.266396
263.7669983,89639.7156684,43137.0707942,-2.1066739659393914,0.14288483003911712,7.9725092,2.5884076
262.7678809,89640.6089387,43136.62331,-1.9541712461553122,0.1624983434780559,7.7060438,2.0907415
261.7687635,89641.5603552,43136.3267742,-1.782385114452756,0.18048748630645284,7.5195089,1.4213027
260.769646,89642.5507524,43136.2062007,-1.5942309791202545,0.19575911578974667,7.3625093,1.1692675
259.7705286,89643.5453679,43136.2802476,-1.3918304732630296,0.20758113327896466,7.3093497,0.3903196
258.7714112,89644.5031752,43136.5593966,-1.1801014799559075,0.2154556537818844,7.2228699,0.6289269
257.7722938,89645.3790872,43137.0354968,-0.962082908719367,0.2176258619364666,7.2569367,-0.2468584
256.7731764,89646.1280586,43137.6919493,-0.7463997521937689,0.20962385572755934,7.2908443,-0.2468584
255.774059,89646.7258823,43138.4916582,-0.5440094407102403,0.19645050982174375,7.4479238,-1.1586014
254.7749415,89647.156303,43139.3918278,-0.35423664959032397,0.18442736004722074,7.628916,-1.3656005
253.7758241,89647.4152472,43140.3556271,-0.1759367417046631,0.1714695079974828,7.8319027,-1.5705566
252.7767067,89647.5042298,43141.3489488,-0.012107337288363773,0.15382910697185512,8.0315161,-1.5846738
251.7775893,89647.4393412,43142.3455628,0.1311097690064229,0.13264534287373428,8.3182839,-2.3463691
250.7784719,89647.24369,43143.3247376,0.25281916328101683,0.11125930326488039,8.6927205,-3.1875849
249.7793545,89646.9405374,43144.2763136,0.3533200320167822,0.09012778850943506,9.1346423,-3.9426295
248.780237,89646.5532766,43145.1968142,0.43283532190215324,0.06933777077394228,9.6557304,-4.9000441
247.7811196,89646.1031428,43146.0886317,0.4918308372489686,0.049437076459917635,9.694,-0.3705806
246.7820022,89645.6099141,43146.9576659,0.5316217802014482,0.03140073332598049,9.694,0.0
245.7828848,89645.0902418,43147.8109665,0.5545800972016028,0.016540291139355064,9.694,0.0
244.7837674,89644.557617,43148.6564955,0.5646758018208531,0.006750562174519571,9.694,0.0
243.7846499,89644.0207972,43149.4991658,0.5680706770550206,0.0019447452345072594,9.694,0.0
242.7855325,89643.4825532,43150.3408886,0.5685618608360521,-0.0005279508815807215,9.694,0.0
241.7864151,89642.9449126,43151.1830206,0.5670157134561586,-0.0023603746333777324,9.694,0.0
240.7872977,89642.4092822,43152.026391,0.5638453417493419,-0.004005753803341249,9.694,0.0
239.7881803,89641.876994,43152.8719119,0.5590113996543016,-0.0056497847650886345,9.694,0.0
238.7890629,89641.3495256,43153.7204479,0.5525557412085358,-0.00710588810412871,9.694,0.0
237.7899454,89640.8281954,43154.5727753,0.5448121231175995,-0.008087085769454608,9.694,0.0
236.790828,89640.3139391,43155.4293653,0.5363959178973663,-0.008024677708674698,9.694,0.0
235.7917106,89639.8070406,43156.2903266,0.528777192845276,-0.006538983476584065,9.694,0.0
234.7925932,89639.305881,43157.154678,0.5233295145721351,-0.004116152826281521,9.694,0.0
233.7934758,89638.8084021,43158.0210953,0.5205522409386871,-0.0012977666913620237,9.694,0.0
232.7943583,89638.3120444,43158.8882288,0.5207362820693113,0.0017213056846783672,9.694,0.0
231.7952409,89637.814248,43159.7544605,0.5239917957065883,0.004807119447229264,9.694,0.0
230.7961235,89637.3122559,43160.6183426,0.530341977230874,0.007767935914119752,9.694,0.0
229.7970061,89636.8034789,43161.478215,0.5395141568347781,0.010416560318202912,9.694,0.0
228.7978887,89636.2857348,43162.3327273,0.5511567816896821,0.01291417600514011,9.694,0.0
227.7987713,89635.7570356,43163.1805849,0.5653207753166263,0.015563146935814221,9.694,0.0
226.7996538,89635.2153143,43164.0200588,0.5822563245893106,0.018426499547350324,9.694,0.0
225.8005364,89634.6581947,43164.8495462,0.6021425280925943,0.021459311803187487,9.694,0.0
224.801419,89634.0835258,43165.6668074,0.6251383637887513,0.024605423855577204,9.694,0.0
223.8023016,89633.4888806,43166.4697796,0.6513106357829548,0.027792462421885027,9.694,0.0
222.8031842,89632.8722189,43167.2558765,0.6806758440710983,0.030998584863278274,9.694,0.0
221.8040668,89632.2315352,43168.02248,0.7132516186354239,0.03422033409626427,9.694,0.0
220.8049493,89631.5649747,43168.7667949,0.7490559856143117,0.03748921814146844,9.694,0.0
219.8058319,89630.8711316,43169.4855396,0.7881610383213209,0.040840080000826784,9.694,0.0
218.8067145,89630.1483619,43170.1756014,0.8306665546483547,0.04397790412077999,9.694,0.0
217.8075971,89629.3962873,43170.8325555,0.876024135888315,0.04583075543909929,9.694,0.0
216.8084797,89628.6141807,43171.4541739,0.9222204137426404,0.04517514705244323,9.694,0.0
215.8093622,89627.8047446,43172.0388808,0.9662652433291292,0.04042748067154202,9.694,0.0
214.8102448,89626.9717089,43172.5888088,1.0029426271900341,0.03024980975374801,9.694,0.0
213.8111274,89626.1204241,43173.113384,1.026707855977313,0.014273395481554948,9.694,0.0
212.81201,89625.262581,43173.6228326,1.0314558212905212,-0.007247175478802132,9.694,0.0
211.8128926,89624.4056015,43174.1397628,1.0122241675570471,-0.03208476771064434,9.694,0.0
210.8137752,89623.5678146,43174.6819976,0.9673258897168662,-0.05815010022062363,9.4905331,1.9534324
209.8146577,89622.7613587,43175.2730468,0.8960515623124916,-0.08447706046398648,8.9705085,4.8043388
208.8155403,89622.0076372,43175.9301493,0.7983890846461579,-0.11132670304054011,8.5683965,3.5294164
207.8164229,89621.3326685,43176.665091,0.6736432277857709,-0.13580427310498125,8.334917,1.9750324
206.8173055,89620.7625983,43177.4899549,0.5267064754174449,-0.15668313797102404,8.1828582,1.2569454
205.8181881,89620.3310299,43178.3875954,0.36048322562816715,-0.17069452681367853,8.2214528,-0.3168388
204.8190706,89620.0617942,43179.3490754,0.18626281161113756,-0.17106271738367926,8.2598671,-0.3168388
203.8199532,89619.9629952,43180.3405813,0.01923349139701891,-0.16115046253565918,8.314114,-0.4499405
202.8208358,89620.023569,43181.3362594,-0.13506075659676853,-0.1490348475484152,8.4641089,-1.2594355
201.8217184,89620.2308862,43182.3119912,-0.2780958501584605,-0.13840264278008454,8.6592429,-1.6721498
200.822601,89620.5699177,43183.2499563,-0.4111560839910071,-0.1292785478095341,8.8916838,-2.0415783
199.8234836,89621.0269424,43184.1377815,-0.5361240003502967,-0.1222115814672932,9.1356931,-2.2013664
198.8243661,89621.5879181,43184.9632624,-0.655164444364777,-0.11713011311959565,9.3690986,-2.1614684
197.8252487,89622.2415241,43185.7184744,-0.7700125216359832,-0.11376750868307693,9.5798762,-1.9987736
196.8261313,89622.9759336,43186.3946598,-0.8823653008105499,-0.11190753882655269,9.694,-1.1007754
195.8270139,89623.7813597,43186.9852999,-0.9935000758674821,-0.11142224314388785,9.694,0.0
194.8278965,89624.6469726,43187.4830258,-1.1049078319544612,-0.11242449554965765,9.6525747,0.4010732
193.8287791,89625.5628852,43187.8810585,-1.218030830710537,-0.11485019749387301,9.5288237,1.1879064
192.8296616,89626.5181015,43188.1719112,-1.3342840852623425,-0.11867468517725605,9.409634,1.1296315
191.8305442,89627.5008475,43188.3481524,-1.455017023724624,-0.12362862077855447,9.3146101,0.8904111
190.8314268,89628.4981104,43188.4021851,-1.581188946795515,-0.1295484357636972,9.2554614,0.5496833
189.8323094,89629.4936226,43188.3274415,-1.7137303997723947,-0.1349531012525587,9.2640486,-0.0795854
188.833192,89630.470122,43188.1183821,-1.8506824175890646,-0.1364211054686271,9.3077427,-0.4060972
187.8340745,89631.4084164,43187.7770704,-1.9861730785239269,-0.13137969896137944,9.3512326,-0.4060972
186.8349571,89632.2932843,43187.314297,-2.113050042774045,-0.1171644416113504,9.4352606,-0.7899928
185.8358397,89633.1156548,43186.7484639,-2.2201273627588285,-0.09303496691856807,9.5934685,-1.5065768
184.8367223,89633.8827462,43186.107658,-2.2989115036506105,-0.06392056034005256,9.694,-0.9703559
183.8376049,89634.6061588,43185.4196365,-2.3478329029241416,-0.033416664596919034,9.694,0.0
182.8384875,89635.3071094,43184.7069177,-2.365677938616316,-0.0024946559868690697,9.694,0.0
181.83937,89636.0054069,43183.9935941,-2.352816909400028,0.027880636634094246,9.694,0.0
180.8402526,89636.7248107,43183.298761,-2.309961530355551,0.057702925667504616,9.6152021,0.7614342
179.8411352,89637.4824406,43182.6471894,-2.237443287325491,0.08715271002816011,9.1590237,4.2859811
178.8420178,89638.2932597,43182.0646881,-2.1358617559682913,0.11329072483772122,8.9071282,2.2774012
177.8429004,89639.1683642,43181.5782657,-2.010910219025718,0.13425922009238292,8.7553488,1.3415837
176.843783,89640.0964218,43181.2155436,-1.8676616031052913,0.14637394309252866,8.7966436,-0.3627232
175.8446655,89641.0705473,43180.9963786,-1.7189090670224085,0.14459132675654057,8.8377455,-0.3627232
174.8455481,89642.0653633,43180.9217669,-1.579044913931293,0.13297481682829584,8.9418519,-0.9263028
173.8464307,89643.0612552,43180.9799577,-1.4535976388328156,0.11738212794949004,9.1279069,-1.6824687
172.8473133,89644.0445052,43181.1547876,-1.3447193541722622,0.10077863730219953,9.4057363,-2.5768705
171.8481959,89645.0044384,43181.4269074,-1.2524001338603694,0.0845984428855736,9.694,-2.7553118
170.8490784,89645.9395233,43181.7794053,-1.1757697503584446,0.06933367956277814,9.694,0.0
169.849961,89646.847554,43182.1953816,-1.1138647647322015,0.05489039972839198,9.694,0.0
168.8508436,89647.7319391,43182.6606159,-1.0660950542155807,0.040922805981730676,9.694,0.0
167.8517262,89648.5968557,43183.1617354,-1.0320645612614143,0.02725480794000956,9.694,0.0
166.8526088,89649.4474912,43183.6860134,-1.0116174778423348,0.013641332208312346,9.694,0.0
165.8534914,89650.2913202,43184.2221418,-1.0047960255284334,-8.562360269956525e-05,9.694,0.0
164.8543739,89651.1348052,43184.7580315,-1.0117886447855153,-0.014050853028305133,9.694,0.0
163.8552565,89651.9855532,43185.2819998,-1.032876363642901,-0.028307939719707194,9.694,0.0
162.8561391,89652.851036,43185.7819446,-1.0683665811273095,-0.042944434441441914,9.694,0.0
161.8570217,89653.7361138,43186.2438656,-1.118673676783449,-0.057931635577234956,9.694,0.0
160.8579043,89654.6473031,43186.6543479,-1.1840992838253341,-0.07345025886344689,9.4584101,2.2580504
159.8587868,89655.5848527,43186.9966704,-1.2653884231751233,-0.08989604622267935,8.9775535,4.436443
158.8596694,89656.5501344,43187.2542566,-1.3636351197119467,-0.10758884688149199,8.54111,3.8263302
157.860552,89657.5363285,43187.4068247,-1.4802417393271856,-0.12643642793911075,8.1404671,3.3446299
156.8614346,89658.5339362,43187.4343916,-1.6159913902634604,-0.14614257767764363,7.7744278,2.915311
155.8623172,89659.5255267,43187.3168615,-1.7720183110878711,-0.16782111915313996,7.4423278,2.5289747
154.8631998,89660.4834466,43187.0367255,-1.9510584858591242,-0.1920919861332435,7.1832909,1.8959604
153.8640823,89661.369805,43186.5796726,-2.155299829373377,-0.21318544822166838,7.116053,0.4811535
152.8649649,89662.1372709,43185.9425154,-2.376308872555079,-0.2261619219642534,7.0076636,0.7661072
151.8658475,89662.7425308,43185.1505824,-2.6063180054409676,-0.2288108117007229,7.0407154,-0.2323672
150.8667301,89663.1461762,43184.2412276,-2.8320218386683815,-0.21580760880535196,7.0736127,-0.2323672
149.8676127,89663.3464468,43183.2624855,-3.036624712247579,-0.1947401806606846,7.2773723,-1.4633671
148.8684953,89663.3543404,43182.2653948,3.0624340891746993,-0.17472760627020043,7.5437156,-1.9754918
147.8693778,89663.1892394,43181.2806544,2.8978729966141747,-0.1565946382305866,7.8507764,-2.3656103
146.8702604,89662.8740566,43180.333928,2.749824526733562,-0.14165725223589926,8.1921938,-2.7410944
145.871143,89662.4287662,43179.4398645,2.6150360207457446,-0.1293836245952956,8.5357324,-2.8758819
144.8720256,89661.8722464,43178.6105343,2.491372133389949,-0.11871207356012531,8.8749131,-2.9552859
143.8729082,89661.221693,43177.8527639,2.3779124901738626,-0.10887586063717278,9.2113664,-3.0452823
142.8737907,89660.4927045,43177.1697305,2.273871268881938,-0.09977294495051549,9.5517398,-3.1960519
141.8746733,89659.6995884,43176.5626912,2.1785917803990156,-0.09127957343493255,9.694,-1.3701604
140.8755559,89658.8545328,43176.0301487,2.0915290244877998,-0.08336513399026177,9.694,0.0
139.8764385,89657.9681222,43175.5696345,2.0120484567931953,-0.07575973623248643,9.694,0.0
138.8773211,89657.0495548,43175.1776376,1.9401905478204942,-0.06767766675192552,9.694,0.0
137.8782037,89656.1062435,43174.8487776,1.8768484410337152,-0.057713552957322146,9.694,0.0
136.8790862,89655.1455264,43174.5760027,1.8248971679339796,-0.043024677251873554,9.694,0.0
135.8799688,89654.1733994,43174.3467895,1.7909077260940993,-0.022627997982556956,9.694,0.0
134.8808514,89653.1955866,43174.1397302,1.779680100183489,0.0005365606789991473,9.694,0.0
133.881734,89652.2181973,43173.932334,1.7919801213454871,0.024257624166562984,9.694,0.0
132.8826166,89651.24608,43173.7013588,1.8281548773794398,0.048312677475511476,9.5770898,1.1274885
131.8834991,89650.2855108,43173.4236603,1.8885612835348162,0.07307392110307982,9.0497023,4.9161073
130.8843817,89649.3496798,43173.0776124,1.9741322175353027,0.09869029214801832,8.5373306,4.5095294
129.8852643,89648.4502419,43172.6404942,2.0857239920532127,0.12552791575966357,8.1277523,3.4158431
128.8861469,89647.6150226,43172.0960634,2.224814477490206,0.15174230157956992,7.8508336,2.2143386
127.8870295,89646.8705737,43171.4295772,2.3886315588337155,0.17548590493568383,7.6651334,1.4419316
126.8879121,89646.2554866,43170.6453388,2.575063139918143,0.1917808596646266,7.7012862,-0.2780147
125.8887946,89645.8064021,43169.75657,2.7707472556722514,0.19296717744783926,7.7372701,-0.2780147
124.8896772,89645.5360365,43168.7950729,2.9599498621200224,0.18362438557013075,7.8285628,-0.7111514
123.8905598,89645.4472579,43167.8011629,3.1373815219944303,0.1697021116998242,7.9408199,-0.8858945
122.8914424,89645.5276601,43166.8059756,-2.984459629491083,0.1542562546128093,8.1406688,-1.6083531
121.892325,89645.7589819,43165.8336949,-2.837623003376579,0.1416511674251609,8.407452,-2.2093309
120.8932076,89646.1240139,43164.9048896,-2.7015282301973853,0.13166348622987878,8.6853678,-2.3772805
119.8940901,89646.6078691,43164.0308478,-2.5746918457515746,0.1230314700886655,8.9647386,-2.4676399
118.8949727,89647.1946152,43163.2231533,-2.4557911664235372,0.11551097857758144,9.2412188,-2.5190161
117.8958553,89647.8707728,43162.4875255,-2.343960096363924,0.10899877262252146,9.5159578,-2.5789402
116.8967379,89648.6222549,43161.8300257,-2.2380461824748528,0.10346734423308444,9.694,-1.7116024
115.8976205,89649.4375397,43161.253246,-2.1373155554069347,0.09863125701314586,9.694,0.0
114.898503,89650.3054762,43160.7593814,-2.041051133781041,0.09484598705986651,9.694,0.0
113.8993856,89651.2155777,43160.3494933,-1.9479316588939286,0.09266191556804866,9.694,0.0
112.9002682,89652.159899,43160.0248541,-1.8560321221983203,0.0922181938761401,9.694,0.0
111.9011508,89653.1294519,43159.7882848,-1.763812265757132,0.09305120529778925,9.694,0.0
110.9020334,89654.1173493,43159.6422721,-1.6702436221410748,0.09514055438988427,9.694,0.0
109.902916,89655.1143264,43159.5902411,-1.5738200564870677,0.09881619588138563,9.694,0.0
108.9037985,89656.1118006,43159.6362414,-1.4729207006644782,0.1035219864050267,9.694,0.0
107.9046811,89657.0985983,43159.7850755,-1.367139146585142,0.107832441908725,9.694,0.0
106.9055637,89658.0639086,43160.0393914,-1.2576647925209732,0.11153604944571219,9.694,0.0
105.9064463,89658.9948881,43160.3990635,-1.1444808186299542,0.11588899953528803,9.694,0.0
104.9073289,89659.877954,43160.8632747,-1.0263865709271274,0.11841777090477663,9.694,0.0
103.9082115,89660.6999544,43161.4313785,-0.9080172361498584,0.11337892530307639,9.694,0.0
102.909094,89661.4498294,43162.0902297,-0.7999223641051136,0.09913452883773441,9.694,0.0
101.9099766,89662.1328088,43162.8232038,-0.709743091742808,0.07889075398603942,9.694,0.0
100.9108592,89662.7526812,43163.6067924,-0.64206352045335,0.05414279381451741,9.694,0.0
99.9117418,89663.3292012,43164.4231804,-0.6015355651069938,0.025979459043825228,9.694,0.0
98.9126244,89663.8839881,43165.2549825,-0.5901234690721555,-0.00391397229299895,9.694,0.0
97.9135069,89664.4409301,43166.0831351,-0.609355095371499,-0.03442744631358447,9.694,0.0
96.9143895,89665.0271652,43166.8928674,-0.6588984045578155,-0.06439653116381656,9.2569067,4.1453153
95.9152721,89665.6634218,43167.6618856,-0.7380047382017398,-0.09292102980297533,8.7698407,4.3939867
94.9161547,89666.3705403,43168.370017,-0.8446323957630573,-0.12030776282633453,8.395992,3.2115459
93.9170373,89667.1540437,43168.9856068,-0.9782762793369848,-0.14469849928050502,8.195348,1.6659471
92.9179199,89668.0220675,43169.4818443,-1.1334891211700415,-0.16348073006808395,8.0731396,0.9949507
91.9188024,89668.9561998,43169.8281059,-1.3046004171012875,-0.17319721025509055,8.1112168,-0.3083992
90.919685,89669.9364366,43170.0038295,-1.4785163218002966,-0.16922862080128107,8.149116,-0.3083992
89.9205676,89670.9357792,43170.0113018,-1.642251024009505,-0.15780672364376633,8.2762266,-1.0448394
88.9214502,89671.9215293,43169.8617434,-1.7935619198516344,-0.14448959731729388,8.4498625,-1.4534076
87.9223328,89672.8776747,43169.5714137,-1.9306932203039433,-0.1308708801082578,8.6875097,-2.0381236
86.9232153,89673.7865474,43169.1599648,-2.0549005415978137,-0.11844495845769118,8.9730863,-2.5239538
85.9240979,89674.6421266,43168.6435967,-2.1672269535359,-0.10743098323675843,9.2886772,-2.8841684
84.9249805,89675.4371789,43168.0393353,-2.2695417062278516,-0.09812470719508064,9.6263022,-3.1959059
83.9258631,89676.1698181,43167.3601129,-2.36324775982953,-0.09011309965750622,9.694,-0.6545486
82.9267457,89676.8385745,43166.6180301,-2.449588728699154,-0.08323746217491411,9.694,0.0
81.9276283,89677.4435375,43165.8231236,-2.5295469011958946,-0.07764849785241427,9.694,0.0
80.9285108,89677.9857019,43164.9838717,-2.6047358891455836,-0.07406190348675129,9.694,0.0
79.9293934,89678.4647188,43164.1073283,-2.6775251598063874,-0.07245424825751781,9.694,0.0
78.930276,89678.8793633,43163.1984235,-2.7494930044192745,-0.07212889088558726,9.694,0.0
77.9311586,89679.2277105,43162.2621758,-2.821636572697904,-0.0726654864582714,9.694,0.0
76.9320412,89679.5073355,43161.3031771,-2.8946703603171624,-0.07374321720053523,9.694,0.0
75.9329238,89679.7157232,43160.3261254,-2.968972645494164,-0.07522854228671362,9.694,0.0
74.9338063,89679.8502421,43159.3364649,-3.04496104747924,-0.07710042340040324,9.694,0.0
73.9346889,89679.9083397,43158.3390261,-3.1230108272518695,-0.0794396236246803,9.694,0.0
72.9355715,89679.8873314,43157.340696,3.0795292738158633,-0.0822348151961703,9.694,0.0
71.9364541,89679.784536,43156.3467933,2.9958894224382675,-0.08553168939546324,9.694,0.0
70.9373367,89679.5975717,43155.3660911,2.9086737960743383,-0.08913150257593459,9.694,0.0
69.9382192,89679.3239118,43154.4050694,2.817841151542546,-0.09274984647770879,9.694,0.0
68.9391018,89678.9627787,43153.4743382,2.7234000988760876,-0.09535242793649633,9.694,0.0
67.9399844,89678.5137593,43152.5820702,2.62740164866029,-0.09587789662993856,9.694,0.0
66.940867,89677.9814789,43151.7371369,2.5318843770814974,-0.09500306478600883,9.694,0.0
65.9417496,89677.371228,43150.9463418,2.437633283731346,-0.0936008338019855,9.694,0.0
64.9426322,89676.6899983,43150.2161006,2.3449126809572345,-0.09229000251178125,9.694,0.0
63.9435147,89675.9444394,43149.5513889,2.2532829554070517,-0.09158442421505136,9.694,0.0
62.9443973,89675.1415083,43148.9575152,2.1619690842648644,-0.09165083739789406,9.694,0.0
61.9452799,89674.2878642,43148.4394037,2.0702320212903693,-0.09239367830551592,9.694,0.0
60.9461625,89673.390017,43148.0019541,1.9774295315880757,-0.09337019729578332,9.694,0.0
59.9470451,89672.4555877,43147.6503627,1.883759496617178,-0.09370203629943515,9.694,0.0
58.9479277,89671.4918974,43147.3877267,1.790285606948565,-0.09115622856619246,9.694,0.0
57.9488102,89670.5083727,43147.2159717,1.7016980201048755,-0.08204723787509173,9.694,0.0
56.9496928,89669.5133115,43147.1272369,1.6264029049470947,-0.06614195104380537,9.694,0.0
55.9505754,89668.5137824,43147.1049449,1.5694943157401653,-0.04652062808856372,9.694,0.0
54.951458,89667.5149425,43147.1298388,1.5334115320186497,-0.024916227574350004,9.694,0.0
53.9523406,89666.5167379,43147.1796388,1.519696839408013,-0.002473615950435075,9.694,0.0
52.9532231,89665.5186403,43147.2319377,1.5284669891034834,0.020160061621455064,9.694,0.0
51.9541057,89664.5205409,43147.264187,1.5599783988297187,0.043116770219927984,9.694,0.0
50.9549883,89663.5211453,43147.2535473,1.6146174218486848,0.06658252184815189,9.3941902,2.8639406
49.9558709,89662.5260446,43147.17673,1.6929778854357256,0.09074132063800343,8.9049683,4.4801292
48.9567535,89661.5411741,43147.0104203,1.7958164943575117,0.11523219941334802,8.5336608,3.2404068
47.9576361,89660.5826841,43146.7319014,1.923090814230335,0.13813877963452467,8.2913199,2.0404909
46.9585186,89659.6719014,43146.3232179,2.071597909439327,0.15708179604838418,8.141995,1.2280357
45.9594012,89658.8370411,43145.7764346,2.236665660683472,0.16658782190950883,8.1803969,-0.3136823
44.9602838,89658.1098676,43145.096158,2.403732318879605,0.16096958523956068,8.2186194,-0.3136823
43.9611664,89657.4987351,43144.3044319,2.5579491040706337,0.14694361337559256,8.3921008,-1.4420981
42.962049,89657.0119737,43143.4336609,2.6972879009022295,0.13098627156596024,8.6106537,-1.8596425
41.9629315,89656.6422737,43142.5053325,2.8195053789747666,0.11432447024802636,8.9136948,-2.657644
40.9638141,89656.3805755,43141.5415902,2.92569415612758,0.09882150265644572,9.2801423,-3.3364881
39.9646967,89656.2148498,43140.5564439,3.0169142040442356,0.08417744812065592,9.6930642,-3.9206865
38.9655793,89656.1323007,43139.5605982,3.093901728512943,0.07013437277690268,9.694,-0.0090792
37.9664619,89656.1196502,43138.561779,-3.1261313668056365,0.056278064284450556,9.694,0.0
36.9673445,89656.1631825,43137.5633945,-3.0768269259616163,0.04234876590121257,9.694,0.0
35.968227,89656.2489531,43136.5681002,-3.0415051390662438,0.02821064133571733,9.694,0.0
34.9691096,89656.3628117,43135.5755126,-3.020459815991287,0.013782160400804756,9.694,0.0
33.9699922,89656.4904024,43134.5845984,-3.013965745870145,-0.000898768957251705,9.694,0.0
32.9708748,89656.6171144,43133.5937953,-3.0222555271408886,-0.01576541104902064,9.694,0.0
31.9717574,89656.7282629,43132.6008882,-3.045464746646979,-0.03072417711518214,9.694,0.0
30.97264,89656.8088532,43131.6053213,-3.0836403525088842,-0.045694264469734666,9.694,0.0
29.9735225,89656.8439462,43130.6069421,-3.13675362557299,-0.06048319879757263,9.694,0.0
28.9744051,89656.8185166,43129.6083656,3.078705813163361,-0.07468429841838793,9.694,0.0
27.9752877,89656.7184765,43128.6144067,2.997221349803615,-0.08774471397700115,9.694,0.0
26.9761703,89656.5314004,43127.6334674,2.9034270274961305,-0.09824286073237554,9.694,0.0
25.9770529,89656.2478199,43126.67574,2.80098635534951,-0.10548139350428906,9.694,0.0
24.9779354,89655.8650919,43125.7534662,2.692742403566047,-0.11070063467553777,9.694,0.0
23.978818,89655.3824241,43124.8789629,2.5798734354183424,-0.11481001463929347,9.694,0.0
22.9797006,89654.8030854,43124.0659928,2.463451094355835,-0.11693621399726299,9.694,0.0
21.9805832,89654.1320423,43123.3268355,2.346398573695863,-0.11611737896594129,9.694,0.0
20.9814658,89653.3795597,43122.6700869,2.2315532607079813,-0.11362735178481115,9.694,0.0
19.9823484,89652.557767,43122.1031222,2.1194656105665786,-0.11073687827788171,9.694,0.0
18.9832309,89651.6781139,43121.6300343,2.0103901247476905,-0.10780446967428525,9.694,0.0
17.9841135,89650.7528906,43121.254317,1.904136963820827,-0.10492033697971365,9.694,0.0
16.9849961,89649.793268,43120.9773843,1.8008240557785653,-0.10080553606798429,9.694,0.0
15.9858787,89648.8107698,43120.7995255,1.7028031124925898,-0.09362176136606754,9.694,0.0
14.9867613,89647.8154092,43120.7147663,1.6138211462993075,-0.08374019054150968,9.694,0.0
13.9876438,89646.8165019,43120.7136695,1.5355010320832587,-0.07268421364459496,9.694,0.0
12.9885264,89645.8201194,43120.7852199,1.4686085450930753,-0.06144226839353244,9.694,0.0
11.989409,89644.8298671,43120.9173889,1.412740492914029,-0.05113345284049259,9.694,0.0
10.9902916,89643.8476274,43121.0996061,1.366442263359657,-0.0431208112721675,9.694,0.0
9.9911742,89642.8737157,43121.3227955,1.326578347791675,-0.03929835115124812,9.694,0.0
8.9920568,89641.9090658,43121.58268,1.287916194561884,-0.039837535176011796,9.694,0.0
7.9929393,89640.9554296,43121.8803937,1.2469801046779256,-0.04288834353083552,9.694,0.0
6.9938219,89640.0152622,43122.2182975,1.2022221252115806,-0.047185173711863884,9.694,0.0
5.9947045,89639.0920948,43122.6000579,1.1527024563481572,-0.05204188404431016,9.694,0.0
4.9955871,89638.1899847,43123.0292468,1.0982428890111358,-0.056909896916587224,9.694,0.0
3.9964697,89637.3138099,43123.5090858,1.0389984337340188,-0.061272744286205875,9.694,0.0
2.9973523,89636.468763,43124.0419012,0.9758223300315798,-0.06442078602203274,9.694,0.0
1.9982348,89635.6601105,43124.6282825,0.9102935577579716,-0.06480089679556812,9.694,0.0
0.9991174,89634.8920625,43125.2668569,0.846368467727828,-0.06136616978154338,9.694,0.0
0.0,89634.1646008,43125.9517076,0.7876872073596872,-0.055462211987087534,9.694,0.0
