idx,ub,lb,left_boundary_idx,right_boundary_idx,left_x,left_y,right_x,right_y
0,3.774621575775238,-3.725163541540725,3995,3981,89630.67978972409,43124.14287308137,89636.24040130292,43129.17540481752
1,3.578194258570472,-3.839689920460531,3981,3971,89630.0697804637,43125.150767036364,89635.78580225137,43129.87856785878
2,3.436208694432866,-3.924531630001735,3970,3962,89629.47971065674,43126.122611112616,89635.32199430668,43130.60013496821
3,3.333970909021895,-3.9821311841183697,3957,3953,89628.90803809109,43127.06647727725,89634.84500033449,43131.3417350657
4,3.274866311456986,-4.012667268391487,3946,3942,89628.34089256459,43127.97899512757,89634.34986024025,43132.10215570536
5,3.245952140514024,-4.013443626618189,3934,3933,89627.77930141319,43128.86624212449,89633.82976172619,43132.87757069551
6,3.230200231085242,-4.001891677308154,3922,3923,89627.22844261704,43129.73733300363,89633.29638107082,43133.67221245446
7,3.2344628400719175,-4.001426954472618,3912,3911,89626.67526195943,43130.58967711648,89632.76878927987,43134.491859315436
8,3.250819410154881,-4.016970761630454,3900,3901,89626.120282016,43131.42949250258,89632.25135029954,43135.33215514283
9,3.268154928815528,-4.03063369798867,3889,3891,89625.56832980055,43132.26590268156,89631.73073766881,43136.177046335775
10,3.291766399308682,-4.036516188600706,3879,3879,89625.01284638605,43133.09795405855,89631.20316231139,43137.020161910346
11,3.3429311216531072,-4.039483410444513,3868,3868,89624.43495598476,43133.91496301354,89630.67310889058,43137.86280959711
12,3.394349151037363,-4.041259041819845,3855,3859,89623.85737211058,43134.73193751549,89630.14230760152,43138.70533091061
13,3.4460813601813096,-4.040672065652012,3844,3849,89623.27997639976,43135.54882761271,89629.60973271592,43139.54703494065
14,3.496376036311804,-4.036298942638,3834,3837,89622.70419938951,43136.36653300163,89629.07413212188,43140.38712367012
15,3.5467178710336538,-4.031119026877628,3824,3826,89622.12873818971,43137.18422099482,89628.53797229355,43141.227156840665
16,3.5375554324830425,-4.025916584202257,3815,3811,89621.60392185737,43138.03360994799,89628.00186604826,43142.06751860802
17,3.459387869177376,-4.018271206566691,3806,3800,89621.13775516697,43138.919701982784,89627.46371077617,43142.90689032591
18,3.3801258017518205,-4.006851075494482,3792,3792,89620.67274014206,43139.80624231279,89626.92232982234,43143.74452318307
19,3.339098121221384,-3.9887456367248078,3780,3782,89620.1755342688,43140.67225938558,89626.37521756136,43144.57882068841
20,3.3058939269317427,-3.9712456916584165,3771,3769,89619.67181832383,43141.533940236404,89625.82849683716,43145.4136400588
21,3.2715264583097845,-3.982995281082806,3761,3757,89619.16917322658,43142.395993247104,89625.30630434462,43146.26428838932
22,3.236889400732673,-4.005604245908083,3750,3747,89618.66680515611,43143.25782442073,89624.7929394345,43147.12100873226
23,3.256665119230981,-4.024562017499394,3735,3740,89618.11844630643,43144.090069393045,89624.27592678569,43147.97616032921
24,3.3167444330431826,-4.050397769877586,3727,3726,89617.53598169786,43144.89998439434,89623.76390640931,43148.83543075105
25,3.37470632516719,-4.060092411286806,3715,3717,89616.95516773411,43145.71000983388,89623.23720435546,43149.68647159523
26,3.4094572380248884,-4.038992699363368,3703,3706,89616.39366287197,43146.5312820679,89622.68326100608,43150.52131487242
27,3.436542851518834,-4.018388040941361,3693,3694,89615.83814347234,43147.35537323867,89622.12834379717,43151.356544877686
28,3.4516429158905386,-4.0220217464614105,3683,3683,89615.29205835995,43148.18450520026,89621.59228808347,43152.204799830775
29,3.4285032782143734,-4.034805152256685,3674,3669,89614.77730358981,43149.03276984005,89621.06214974078,43153.05790109095
30,3.3777500497728066,-4.0425421864581494,3665,3659,89614.28456202199,43149.89462361073,89620.52590297337,43153.90790157265
31,3.250483340525916,-4.024973860848682,3649,3651,89613.85325223855,43150.79897021259,89619.96830202543,43154.74085346721
32,3.2297557233463023,-4.007378511044477,3640,3638,89613.32807100113,43151.65157945109,89619.41518955998,43155.566052541704
33,3.2212766859298996,-4.01840743389087,3629,3628,89612.78479365398,43152.51458847485,89618.90078710606,43156.38855933804
34,3.22711254852433,-4.018771879709451,3617,3619,89612.21964151203,43153.40730722972,89618.41074279808,43157.17202581325
35,3.261465932864676,-3.9973184131346557,3604,3610,89611.628272359,43154.341542168346,89617.95176388568,43157.90572581874
36,3.3452928313600663,-3.9449485792058647,3592,3601,89611.00627006091,43155.3239417355,89617.52491275863,43158.588128801806
37,3.504769157722861,-3.8539539807545533,3580,3592,89610.34675041273,43156.36540628666,89617.1281568823,43159.222560906775
38,3.699380766362858,-3.7237277155339212,3566,3583,89609.70800134806,43157.50696945673,89616.7619325417,43159.81880730773
39,3.9537283393980944,-3.5773738628034084,3558,3574,89609.09555519024,43158.76582188557,89616.4488932067,43160.392450422056
40,4.059220319100568,-3.3448241751197747,3552,3551,89608.75455256474,43160.19556864955,89616.1210300317,43160.94047441619
41,4.10722189071886,-3.4102035896131624,3540,3561,89608.65108622683,43161.74453952577,89616.16383344239,43161.47936952847
42,4.232863593423114,-3.398628254717105,3527,3536,89608.70684675772,43163.391911244704,89616.20062377842,43161.9486601258
43,4.21977007509867,-3.517851723674014,3518,3510,89609.18881297087,43165.054239648234,89616.41814406804,43162.2960585468
44,4.193779478953178,-3.53886344803636,3506,3505,89610.00161677648,43166.64741211279,89616.58206287857,43162.58643984819
45,4.2376249072232195,-3.5007840595983613,3493,3499,89611.07783790506,43168.13216231426,89616.72960542678,43162.84628516678
46,4.211426465433811,-3.480658298335273,3483,3471,89612.49237018483,43169.33036812745,89616.93232545425,43163.049049379086
47,4.218294811250633,-3.5121390910793413,3472,3467,89614.09670820084,43170.24444752975,89617.20148356775,43163.16490105845
48,4.281758727331212,-3.4827472194025875,3458,3462,89615.83485401708,43170.87287001036,89617.47455417711,43163.283473724616
49,4.287200760245168,-3.4080557676170256,3445,3456,89617.67180461177,43171.08681004734,89617.77391031654,43163.392230951984
50,4.33112912152846,-3.5174759000881677,3435,3434,89619.4911789007,43170.975781994064,89618.09275738057,43163.25276328132
51,4.448455599596267,-3.5700831324254563,3428,3419,89621.21931522344,43170.62033712046,89618.4449998071,43163.09703084146
52,4.271173065544326,-3.5260541358709707,3411,3393,89622.65648444764,43169.76107807131,89618.87327825041,43162.9431529544
53,4.167662505108843,-3.6886675826846123,3405,3388,89623.90109652962,43168.82974822122,89619.22260142775,43162.51836120804
54,3.886435317599167,-3.8269485180551515,3397,3382,89624.82460197307,43167.69187889064,89619.58268033086,43162.033385478695
55,3.6830441324449428,-4.0370087184678,3382,3368,89625.61223287643,43166.598306371154,89619.886632422,43161.41982054448
56,3.5482837446767728,-4.156326033834507,3374,3362,89626.3084673114,43165.55738193272,89620.25493766142,43160.791273392635
57,3.477510184679572,-4.231820265328706,3360,3355,89626.95036655715,43164.57336777691,89620.66314132075,43160.11191343845
58,3.4552505991777185,-4.27950493138301,3346,3346,89627.55960031386,43163.63759736554,89621.10218335706,43159.379873870115
59,3.464133733833343,-4.301070720951231,3334,3336,89628.1495302755,43162.73226303604,89621.56609019657,43158.61440959624
60,3.4428446011970246,-4.284332211221512,3324,3325,89628.68379059422,43161.817747643654,89622.06090481089,43157.83696312408
61,3.4329827034343166,-4.251909149135303,3314,3313,89629.20671364738,43160.913381915234,89622.56660714724,43157.04471955565
62,3.4354816696318267,-4.1956495844993205,3300,3304,89629.72483325053,43160.0165108357,89623.08892459111,43156.24837064701
63,3.459488533299802,-4.1174482886781325,3289,3296,89630.24965445117,43159.13051271342,89623.62659829122,43155.45014605962
64,3.5209056825014686,-4.043158348370639,3279,3284,89630.7975469244,43158.262038064,89624.15709114834,43154.63996521142
65,3.589558140715332,-3.9721086961537733,3267,3273,89631.34381479706,43157.39623795859,89624.6813800945,43153.819819472745
66,3.6572225653701116,-3.8946344418440706,3256,3263,89631.88232615973,43156.5294845963,89625.20839107754,43152.99548759911
67,3.654695129302481,-3.8060100750011228,3248,3248,89632.35253511336,43155.630507170885,89625.74310229637,43152.169651787706
68,3.6433736489942237,-3.733857283080968,3234,3239,89632.8094080722,43154.72915375308,89626.26195715899,43151.32997403374
69,3.629828293104598,-3.6700757984871113,3226,3228,89633.2597122231,43153.82917398067,89626.77293498899,43150.48099225599
70,3.6123890535969885,-3.6000512317330102,3217,3215,89633.70301387236,43152.93034130722,89627.28995450395,43149.63004368326
71,3.5929557299819335,-3.526160145033529,3202,3207,89634.1420341045,43152.03409206549,89627.81180133151,43148.77679811473
72,3.6066733543312055,-3.4461862438774435,3194,3194,89634.60909560858,43151.15696282419,89628.34138433084,43147.92298325548
73,3.6167453482746033,-3.384524341349497,3180,3185,89635.07246366605,43150.282711348766,89628.85793111817,43147.05821720577
74,3.6187467833599416,-3.3158354929276785,3170,3176,89635.52923477648,43149.409777236615,89629.38491447526,43146.1948496507
75,3.6142983469590715,-3.2210902783107063,3162,3160,89635.98184484754,43148.53940148358,89629.94005233338,43145.34264048622
76,3.6008071121754375,-3.128956121039135,3146,3152,89636.42902665772,43147.67078975314,89630.4988278305,43144.489209164065
77,3.621677688001361,-3.034397728106237,3137,3143,89636.90996429871,43146.82501817777,89631.06655919792,43143.637863212454
78,3.641701600803821,-3.0048961683002213,3129,3127,89637.39442894263,43145.9861372858,89631.58505784487,43142.75682321733
79,3.670738397810786,-3.039076453558302,3116,3118,89637.89071076133,43145.161563251495,89632.05814404672,43141.84451925733
80,3.7406777935348465,-2.9729120984526736,3104,3110,89638.42530922257,43144.373409510015,89632.63271326698,43140.97957372537
81,3.7959217359900435,-2.91915655262295,3094,3098,89638.94646603728,43143.60646763561,89633.21849577202,43140.101808870124
82,3.784719577272142,-2.886964314938327,3086,3084,89639.4042534352,43142.85559449735,89633.82478174657,43139.197608489536
83,3.7232123807429334,-2.9141765904676955,3079,3071,89639.81515549553,43142.14451177806,89634.4441464026,43138.244871579416
84,3.6234535947755098,-3.020478182619529,3070,3060,89640.19675694412,43141.483551840036,89635.08889830562,43137.23483325771
85,3.4876289405495347,-3.1807662798000096,3060,3046,89640.55877003299,43140.87495186691,89635.81372951512,43136.18964661553
86,3.351368102540968,-3.4374660774940464,3053,3040,89640.93620256415,43140.33994332917,89636.63133788655,43135.090523396306
87,3.2984708340215096,-3.827337500199571,3048,3024,89641.37253891329,43139.954248490234,89637.57880880288,43133.92227068313
88,3.302516691269229,-4.063042861432462,3031,3016,89641.82520756022,43139.71223038561,89638.8582097686,43132.97068815635
89,3.1752442055456234,-4.148645451603827,3029,3008,89642.20516493396,43139.44215345267,89640.42898349662,43132.33690615143
90,3.1991249348997357,-4.15210766218885,3027,2997,89642.59835134906,43139.40244055779,89642.18818823868,43132.06265943575
91,3.4364089906390163,-4.0929916843579255,2985,2983,89642.89873186743,43139.648574500556,89644.02877646642,43132.204457781365
92,3.3931456800778137,-4.118214479409787,2981,2971,89643.16018575185,43139.67290979304,89645.85336150033,43132.66096742067
93,3.271175419960714,-4.090128620831288,2942,2961,89643.45919687233,43139.69006346269,89647.51765665921,43133.54858958916
94,3.23248468319397,-4.180228661178511,2933,2948,89643.71529181465,43139.8549333896,89649.01875270577,43134.67597387034
95,3.155229231844018,-4.192113623639425,2950,2940,89643.99269148875,43140.08478315525,89650.17217272056,43136.11018144669
96,3.0714709314496487,-4.06593346927992,2910,2919,89644.25048380498,43140.40884556995,89650.8740240678,43137.749662243004
97,3.146975365100741,-4.025876879764747,2925,2914,89644.30396926028,43140.85681421958,89651.32818884768,43139.404179195
98,3.0608523108407284,-3.971742305951846,2922,2900,89644.44443701557,43141.330276460736,89651.4714743821,43141.05075384343
99,3.15005594379679,-3.807035783301473,2876,2893,89644.33234434121,43141.871389989996,89651.2503575965,43142.60774445555
100,3.3386493920993865,-3.523695622115922,2870,2886,89644.04274191575,43142.42085223923,89650.72194151551,43143.9956766106
101,3.456604214958713,-3.2071751111441262,2858,2873,89643.74516986236,43143.00101146616,89650.03498049761,43145.201974228155
102,3.5530525618864317,-2.9466766904918704,2853,2863,89643.39146751331,43143.61548434665,89649.32353517388,43146.27199589841
103,3.6314178363982115,-2.849539994511013,2846,2846,89642.9812459608,43144.267486905104,89648.71324047554,43147.29189648202
104,3.673857466011526,-2.854168183520164,2834,2836,89642.53502384775,43144.97201014338,89648.16506711673,43148.276209240044
105,3.685859824897735,-2.852820097447964,2824,2825,89642.05683365953,43145.73045591884,89647.60301689767,43149.193718342605
106,3.680874485924657,-2.870502555405454,2815,2813,89641.54943732187,43146.5350476906,89647.0621849139,43150.07484360622
107,3.669774744914089,-2.8960212600564565,2804,2802,89641.02493613903,43147.366774631075,89646.53586263851,43150.935999518384
108,3.659506059234978,-2.933426961865564,2792,2792,89640.49124953369,43148.20815928678,89646.02367875347,43151.79410306059
109,3.6502995580309934,-2.9889393897830194,2783,2779,89639.9545726828,43149.053951552894,89645.52981222833,43152.65897552176
110,3.6425580900076255,-3.0008452984713996,2770,2770,89639.41753906841,43149.89988647067,89645.00054441053,43153.50056139794
111,3.6348981778815097,-2.944105554145022,2758,2762,89638.881601388,43150.74605630608,89644.41433890103,43154.30584642882
112,3.6298490934676604,-2.8851700671289597,2749,2748,89638.34450499623,43151.59111717861,89643.82696180897,43155.11079641959
113,3.6246687072468164,-2.8673465074799336,2737,2738,89637.80836168617,43152.436731735055,89643.27493091031,43155.93857160374
114,3.60345957297386,-2.8559217486848354,2727,2726,89637.28647512525,43153.29168492944,89642.72920761612,43156.77022917831
115,3.582184035058786,-2.869607715499735,2717,2715,89636.76550377277,43154.14733874234,89642.20560999814,43157.61589190601
116,3.5622177054287647,-2.882387771096429,2705,2705,89636.24438348819,43155.00282285366,89641.68217100759,43158.46163863972
117,3.5511042596520186,-2.869589757435817,2693,2695,89635.71680820297,43155.853957322935,89641.13797422692,43159.294345469905
118,3.5434043202205956,-2.8423670331665893,2684,2683,89635.18737443749,43156.703507246195,89640.58227121981,43160.12010855244
119,3.536315238630504,-2.8285624084654954,2673,2672,89634.65838582603,43157.552872726184,89640.03846679765,43160.95381321395
120,3.529965931691282,-2.815025140637687,2661,2662,89634.1296426783,43158.401923990554,89639.49536783775,43161.78835355886
121,3.5259851698608653,-2.8006595095611777,2650,2651,89633.59966765938,43159.249743474255,89638.9519609477,43162.62307853847
122,3.529701718016391,-2.7857098122837627,2640,2640,89633.06386415311,43160.093433833266,89638.4083650178,43163.458063575796
123,3.53382839508056,-2.7701554560429895,2629,2629,89632.52869137053,43160.93619888634,89637.86416366143,43164.293719970156
124,3.537572974765512,-2.750437731601753,2617,2619,89631.99522139934,43161.776847467634,89637.31525735442,43165.12890595161
125,3.540159952263315,-2.7315540532055715,2607,2607,89631.46505636441,43162.61242792594,89636.7636692977,43165.96788580075
126,3.539245848981638,-2.7148931448051483,2596,2596,89630.9414229364,43163.437866493725,89636.20608170096,43166.81390302291
127,3.5305314227251827,-2.705864916689005,2585,2586,89630.42695228818,43164.24935566842,89635.64123840036,43167.670446085605
128,3.51334913983794,-2.710386568363238,2575,2574,89629.91996642241,43165.04241258277,89635.06810485217,43168.539776858
129,3.492257208796076,-2.7349337515837497,2566,2562,89629.41350436547,43165.810007317545,89634.48501046508,43169.423555869675
130,3.4397618837973933,-2.629470447333419,2550,2555,89628.92560964235,43166.565728587215,89633.76483091222,43170.228721706306
131,3.3768443988730077,-2.604716056848016,2544,2538,89628.43521240412,43167.29478826196,89633.07334334121,43171.07193095133
132,3.256775616921031,-2.7046292685222935,2537,2528,89627.97194180255,43168.027690746785,89632.43204817608,43171.98316787919
133,3.109597825216577,-2.922811646247445,2526,2513,89627.50687985247,43168.74537888116,89631.81999753532,43172.96284018926
134,2.937585738465141,-3.3233471595179296,2518,2498,89627.03170242006,43169.446793745294,89631.25779271059,43174.06625709176
135,2.6946993997001174,-3.735754101075004,2510,2492,89626.5680698845,43170.16720965392,89630.60305045624,43175.174171208724
136,2.3411263287216455,-3.889638957958561,2468,2483,89626.11924579281,43170.94756137195,89629.69377391247,43176.051009694354
137,2.207129690814056,-3.790072659234003,2464,2479,89625.4854576595,43171.51953158614,89628.58437794218,43176.654035370244
138,2.13032151508377,-3.263816503168394,2460,2473,89624.75962807212,43172.01204571218,89627.2813271286,43176.780458323155
139,2.181815662653049,-2.6736296793279664,2446,2452,89623.90145327729,43172.38296847677,89626.04097066417,43176.74161675579
140,2.413151748045441,-2.4920470128492336,2432,2445,89622.89269442644,43172.6123345889,89625.0697225146,43177.0079600947
141,2.773748568556085,-2.4594661134275757,2423,2438,89621.74236081941,43172.79436969109,89624.2564040735,43177.38415426384
142,3.0405534697085557,-2.66872546526811,2419,2429,89620.54629656754,43173.19087349621,89623.67894345122,43177.96396363359
143,3.5368426378250852,-2.83716737984565,2402,2410,89619.13473087504,43173.61177411705,89623.23372448204,43178.49298862936
144,3.699052745509137,-2.9323140804922785,2399,2409,89617.91182091994,43174.571079738635,89622.89353827077,43178.94800996625
145,4.096332001372523,-2.9615789669490264,2382,2402,89616.586180258,43175.70338213108,89622.63542319654,43179.33941941188
146,4.18104755172353,-2.9915723666031204,2372,2406,89615.73314491655,43177.30288342953,89622.48708953604,43179.717569448396
147,4.147303231049327,-3.1132051239639376,2360,2391,89615.32982846227,43179.05915232574,89622.50922763205,43180.141376486536
148,4.3991905119224555,-3.6495855031917803,2343,2328,89614.9770447778,43180.800016803216,89623.02243641048,43180.566631246096
149,4.403568762599976,-3.7416466801743824,2335,2336,89615.16526519993,43182.49993158324,89623.16165301575,43180.94999077525
150,4.572663992064534,-3.826617784676754,2328,2315,89615.43761259285,43184.13704409485,89623.36358148951,43181.35730464405
151,4.4080279001141385,-3.7759317773682284,2315,2294,89616.21527066408,43185.532696306356,89623.51430990761,43181.83118011376
152,4.066953998173327,-3.9771268797105,2305,2287,89617.27170804495,43186.65898915177,89623.95919275498,43182.18855456181
153,3.7712072022256287,-4.159597521362818,2296,2281,89618.36626830816,43187.62079644912,89624.43781724497,43182.518448257186
154,3.543835997839589,-4.33054403625199,2284,2270,89619.4635581392,43188.4642390359,89624.95330837788,43182.81901953279
155,3.4339405740502564,-4.420612211296024,2273,2264,89620.52687729368,43189.2572737156,89625.45595820401,43183.141870144515
156,3.4234669679081673,-4.461737062875756,2260,2257,89621.57877926624,43190.01734185634,89625.9707645119,43183.468532177554
157,3.4903126931687605,-4.453710671918431,2241,2251,89622.65301585307,43190.75094953082,89626.48630249154,43183.79297419511
158,3.6412739609753313,-4.360907024819427,2230,2246,89623.77481308207,43191.473077000446,89626.97497241844,43184.13864581928
159,3.8054149125393444,-4.189605860190152,2222,2242,89624.99779656458,43192.113160367095,89627.44641878213,43184.50233870369
160,3.9847027877919787,-3.9510445473821787,2210,2236,89626.33456680481,43192.65076027346,89627.91267210653,43184.87350693925
161,4.1155699337644,-3.697775438044359,2202,2217,89627.79872454349,43192.98993672208,89628.3975596025,43185.199573285674
162,4.05981482156969,-3.5452583551459136,2192,2194,89629.35644230088,43192.950504031054,89628.89618363211,43185.35937104704
163,4.097129386367254,-3.4034490561137134,2179,2185,89630.95392790003,43192.773135458636,89629.38962008368,43185.43749519841
164,4.09191084952203,-3.350511547417274,2169,2179,89632.53373821148,43192.29893408863,89629.84459543784,43185.35932586644
165,4.099374327483648,-3.2085008518110123,2159,2156,89634.01777123466,43191.588656935695,89630.33159266991,43185.27857553963
166,4.015707576329101,-3.2038815548599704,2147,2145,89635.25564346317,43190.63572658235,89630.78698823349,43184.965313223394
167,3.920944202776403,-3.2075300607955386,2137,2131,89636.26165304429,43189.61357099376,89631.26562567787,43184.528803950874
168,3.810866126053349,-3.3100552590685353,2128,2115,89637.06256863377,43188.590987309144,89631.69746204965,43183.90877066379
169,3.6991779860682863,-3.48553513355655,2120,2110,89637.71170930612,43187.62731540331,89632.10505323234,43183.13448664165
170,3.6305386095170764,-3.710535757631906,2105,2094,89638.2880908529,43186.77849958166,89632.5275243072,43182.22797808007
171,3.542451450221057,-3.962824827493808,2100,2087,89638.77832599981,43186.02207758542,89633.02330064226,43181.20452061753
172,3.437902794410168,-4.197813164250658,2085,2079,89639.20920700583,43185.36930714282,89633.68019287067,43180.102983862336
173,3.280929020436215,-4.266773639580938,2068,2069,89639.57874855197,43184.790115944685,89634.65091423043,43179.073100609436
174,3.1858901233080315,-4.269974781727112,2060,2053,89639.98439357617,43184.356051276045,89635.8758642057,43178.13432258588
175,3.065193296524962,-4.094114419768134,2040,2043,89640.38143854696,43183.991910745484,89637.37843838631,43177.49285873679
176,2.992604892646432,-3.9617051697066032,2044,2037,89640.84929079223,43183.74342492703,89638.94653742874,43177.05448195515
177,3.0263940462027987,-3.735555785715515,2022,2022,89641.40341560895,43183.665926132155,89640.51928823882,43176.96202545249
178,3.0210436503294527,-3.640089137789318,2009,2012,89641.99582174222,43183.6260024911,89642.01011939537,43176.964885047455
179,3.042265994098384,-3.600952618118576,1997,2001,89642.63148567709,43183.689921135774,89643.43129272512,43177.095024456095
180,3.0590477264087137,-3.5744917398931326,1989,1986,89643.29575603067,43183.82644608582,89644.77769613608,43177.36055872406
181,3.0421970965960297,-3.6454587090421517,1975,1979,89643.99235616431,43184.00581774625,89646.07449398209,43177.65054888628
182,3.0604891893475026,-3.773140472451888,1972,1967,89644.69505816059,43184.28988596079,89647.32562890105,43177.98285877406
183,3.2172187561623042,-3.95036817903884,1959,1951,89645.34818413932,43184.76354696175,89648.53690017146,43178.34432640626
184,3.350059372768842,-4.0676877342164035,1952,1946,89646.01092842924,43185.26896429848,89649.66037422583,43178.81106080578
185,3.394738935276178,-4.194433974475619,1936,1933,89646.72695356289,43185.74864321262,89650.72626329263,43179.298754288015
186,3.458160901818664,-4.25823351295384,1922,1919,89647.45234324498,43186.29165272413,89651.69689828518,43179.84754725673
187,3.4601922400193317,-4.278403019755329,1908,1912,89648.24055571541,43186.8251494632,89652.5827036985,43180.41955757114
188,3.4384597697000476,-4.2345204683624145,1901,1898,89649.08140542747,43187.372504205356,89653.37678304156,43181.01448903661
189,3.4208182369829263,-4.175002089284092,1889,1889,89649.96899975043,43187.9447496658,89654.11345100592,43181.57921667792
190,3.4261039937444613,-4.084722011408862,1871,1883,89650.90411294288,43188.54287816202,89654.79356065713,43182.1175607568
191,3.485590768672904,-3.9402813658860416,1861,1876,89651.88450855765,43189.1772917847,89655.41577329676,43182.64477723813
192,3.6174063315901708,-3.738038382595339,1852,1866,89652.92214507113,43189.84722080949,89655.99353019644,43183.16372169933
193,3.826129706554312,-3.543338512525163,1833,1855,89654.04250297968,43190.53800790074,89656.56769667515,43183.61468076472
194,4.218055434760325,-3.2823772156476614,1828,1823,89655.25297251221,43191.327921193886,89657.12321955698,43184.06440510766
195,4.742724980760657,-3.2181709749795777,1824,1811,89656.63730956169,43192.13881940054,89657.7202927799,43184.25193080191
196,5.471963811865199,-3.1042111001147807,1817,1828,89658.26609554033,43192.98578430717,89658.28216415673,43184.40962444856
197,5.713153669538689,-3.211407239013918,1799,1798,89660.1377137748,43193.0909530034,89658.78395604293,43184.26966469534
198,5.7105906306230265,-3.3998443719022404,1785,1792,89662.07348663924,43192.620661701316,89659.14784184626,43183.992763435774
199,5.0869603270456505,-3.4559391819323615,1774,1762,89663.68074079829,43191.219644603836,89659.43131796643,43183.80860300251
200,4.385268723781601,-3.4872360123768127,1764,1777,89664.89160390635,43189.48698140182,89659.62629557993,43183.63438718655
201,4.103776523315511,-3.4650768165454062,1755,1750,89665.96598912327,43187.86095796674,89659.79642904832,43183.476431839335
202,4.223356234161506,-3.472648001622155,1737,1713,89666.99853636415,43186.25025174764,89659.904031131,43183.26755553549
203,4.697550721428986,-3.4805983870506862,1730,1707,89668.00333435727,43184.532978329866,89659.96762480865,43183.013276092366
204,5.490378184175945,-3.435013179173307,1720,1738,89668.96380399274,43182.63882874905,89660.03852478479,43182.68357301227
205,5.946727784131294,-3.360288056654951,1710,1697,89669.2299634943,43180.61940450484,89660.07071075057,43182.27126195544
206,5.781421315821896,-3.1440897521549482,1695,1692,89668.58333083542,43178.81750199067,89660.15033078381,43181.741413404205
207,5.142137654987549,-2.8606953492963334,1667,1655,89667.30318543487,43177.45234081176,89660.17995636634,43181.09993505067
208,4.874806249833444,-3.141915487684706,1664,1682,89666.23973236684,43176.19134253401,89659.6194798681,43180.71241367586
209,4.591361413403241,-3.27774040730824,1662,1650,89665.07582184927,43175.14812714677,89659.1247046274,43180.29661889448
210,4.190333550726351,-3.2648930469675688,1658,1664,89663.77992906792,43174.380108838544,89658.67593643827,43179.8142290856
211,3.9606422203285465,-3.230685799230269,1641,1666,89662.58003952596,43173.6595559343,89658.17055809754,43179.340372091974
212,3.8295888943319634,-3.7178811110011045,1629,1620,89661.41832103358,43172.997963803224,89657.31653582827,43179.33355072244
213,3.803778219999434,-3.7599314651909697,1609,1615,89660.29125650464,43172.361089754646,89656.68651435214,43179.010566291625
214,3.8387214074647384,-3.6972248627693425,1601,1609,89659.17035332696,43171.76672751208,89656.05720030244,43178.62958146898
215,3.8901801732003203,-3.5208475345950476,1585,1595,89658.03835797303,43171.242611936956,89655.41763290118,43178.174792819154
216,3.941758954458043,-3.2572286729134743,1580,1574,89656.8972991342,43170.79579994404,89654.7458011938,43177.66576933782
217,3.8527519869492055,-3.0894285742919236,1561,1569,89655.72320497021,43170.55512998594,89653.98678524717,43177.27664153397
218,3.775382744062827,-2.9338679217573618,1556,1565,89654.5807758253,43170.36728613775,89653.17213538385,43176.92699471386
219,3.6827285999457513,-2.816783549705369,1544,1548,89653.48089555812,43170.245643012095,89652.29538866915,43176.636122774966
220,3.60455934355014,-2.7677383201825063,1539,1534,89652.45799192984,43170.14580663504,89651.34184587788,43176.41959301217
221,3.5223500400249432,-2.8263650685455444,1527,1522,89651.5298998052,43170.06203911329,89650.29489713891,43176.289474536
222,3.450007204210612,-2.9619431927254927,1519,1510,89650.70585132713,43169.95941497317,89649.15137490799,43176.1800830205
223,3.3667129447128206,-3.2002709136028513,1512,1493,89649.98465345857,43169.843022857385,89647.88905135909,43176.066665587816
224,3.3316784843031195,-3.613881981525587,1483,1488,89649.3872377781,43169.65028550377,89646.45536975501,43175.94670989224
225,3.373906174274821,-3.938213168063455,1499,1483,89648.95069483573,43169.36855578389,89644.9534129114,43175.49136775994
226,3.320880819495632,-4.193755241445599,1497,1466,89648.5783714153,43169.15255234086,89643.45969911851,43174.65427471177
227,3.1894239503142163,-4.198285695764295,1491,1457,89648.24183120488,43168.97853671795,89642.24606490067,43173.294673907614
228,3.2735894168330817,-4.185358468537307,1475,1448,89648.16033220381,43168.667742224956,89641.325246605,43171.65396197802
229,3.419360481158678,-4.194208104470072,1437,1433,89648.21189674803,43168.34802759642,89640.75033951887,43169.86182755809
230,3.497663870118612,-4.224574985201206,1416,1422,89648.26407021195,43168.061552732615,89640.54203615068,43168.00531310951
231,3.507661168662545,-4.222925208380076,1413,1408,89648.30739776367,43167.769704857135,89640.74321908686,43166.174347004424
232,3.4490429221134673,-4.2314206167652015,1393,1398,89648.35583201457,43167.431635710425,89641.27365557272,43164.459717639795
233,3.310434349762157,-4.18669796549998,1380,1388,89648.4347660764,43166.99544577914,89642.11182181863,43162.967124929746
234,3.456046303351741,-4.195197540561898,1369,1378,89648.85300778762,43166.68668942978,89643.07551720054,43161.67050214507
235,3.5369830701061,-3.9394332860896295,1351,1367,89649.30545091289,43166.350496623956,89644.3199598201,43160.778990535386
236,3.791591715170759,-3.626021245656034,1341,1358,89649.94807857086,43166.166221709,89645.60287035273,43160.154554088636
237,3.963353122344085,-3.3933358830777816,1334,1349,89650.60808973791,43165.94170858626,89646.80948201862,43159.64159330815
238,4.034060728998535,-3.267135768215398,1327,1337,89651.29420508012,43165.64359341141,89647.92808620336,43159.16464951611
239,4.066381134520704,-3.2111371230522536,1318,1324,89652.04088324618,43165.317679402404,89648.98174795712,43158.71434969138
240,4.0903444850828965,-3.228141312139486,1311,1309,89652.84941958914,43164.98759128585,89649.97775362807,43158.2560410207
241,4.099789751639132,-3.2740508543957962,1301,1296,89653.68738802285,43164.6524739459,89650.95232909446,43157.80462917974
242,4.15827176151191,-3.3458639087257116,1291,1288,89654.54800388373,43164.38225483063,89651.92990466973,43157.3496444573
243,4.196075869752378,-3.4213210809223513,1278,1273,89655.36910879526,43164.12789870856,89652.94983314691,43156.90489091115
244,4.127022284904029,-3.4790730744615583,1273,1264,89656.10138293108,43163.825940818715,89654.05068134786,43156.5015084426
245,3.975573988256773,-3.603246206573821,1261,1248,89656.76109283476,43163.50478440282,89655.22761495657,43156.082725312335
246,3.7953328991782516,-3.7219976101113676,1256,1242,89657.37358761192,43163.21900883444,89656.516084952,43155.75074617341
247,3.5520347246186956,-3.874487034989913,1252,1231,89657.95042083837,43162.93612639087,89657.92133947737,43155.50966157103
248,3.4917513857379383,-4.006257882881469,1230,1220,89658.48204146468,43162.90338984885,89659.4466520244,43155.46768749733
249,3.354365390435017,-3.990267610440868,1219,1210,89658.96966147411,43162.86026215511,89661.02503922116,43155.80908805185
250,3.2025912055354624,-3.996716618206925,1206,1199,89659.41774290311,43162.86688582839,89662.61065996993,43156.41434262858
251,3.2940217130117606,-4.036928515574977,1183,1190,89659.6860714699,43163.13669034846,89664.1392256739,43157.313267910635
252,3.1995685835828027,-3.9851158878304016,1148,1175,89659.98751611037,43163.287351444626,89665.43480799938,43158.6026207128
253,3.1703291369958584,-4.066669408140536,1173,1164,89660.20718165913,43163.563585064476,89666.52580114287,43160.03524327801
254,3.2416375079942825,-3.984347052003284,1143,1157,89660.33677363786,43164.049583511085,89667.1186950963,43161.55551170121
255,3.330407574762543,-3.9466804770060495,1140,1151,89660.43981929419,43164.72609145992,89667.48338910857,43162.89739389523
256,4.126413442062302,-3.701655799736525,1115,1134,89659.46227248907,43165.84515984175,89667.49402035068,43164.05850102284
257,4.475752556423967,-3.393498284056978,1111,1132,89658.88039538947,43167.13672391124,89667.38928072495,43165.01572635092
258,4.475752556423967,-3.0099175379094207,1108,1110,89659.25522925847,43168.47342344844,89667.22302758342,43165.8592978233
259,4.744889735534013,-2.759541472957423,1101,1123,89659.57985983309,43170.06798278968,89667.2292758385,43166.58647468049
260,4.256919865031303,-2.5064113873328053,1089,1121,89661.18042725069,43171.17259213827,89667.29913163623,43167.258842334835
261,4.026980711164037,-2.8953094322586903,1068,1079,89662.80680052827,43172.11023029181,89667.93148752485,43167.45666348593
262,3.8272890781973046,-3.036356603494455,1064,1054,89664.20692472777,43173.126157112274,89668.35695156919,43167.659265009876
263,3.7360791694652415,-3.040323937731166,1047,1067,89665.72694205136,43173.95884853234,89668.70373135916,43167.8712903611
264,3.9404654386294973,-2.929912316606421,1038,1073,89667.32731369809,43174.766845973914,89669.02844723042,43168.110402839266
265,3.9922215116569038,-3.147409947758888,1026,1044,89669.13891866717,43175.082350743294,89669.40323746762,43167.947613681004
266,3.941173781692034,-3.1259984938719003,1014,1016,89670.93763863297,43174.907987518505,89669.75617602779,43167.94027124378
267,4.014420898268964,-3.1343640969474844,1004,991,89672.61983261936,43174.531899339025,89670.16633031248,43167.81732911168
268,4.14166771423909,-3.083099229953147,994,981,89674.16691759028,43173.95495275629,89670.63991490987,43167.64959713664
269,4.032784062590209,-3.2474722118723514,984,974,89675.40321414797,43173.012181571416,89671.02348498566,43167.19667610012
270,3.62531708251087,-3.4024403733550383,972,960,89676.22690172192,43171.7759928653,89671.39577028685,43166.67211748325
271,3.3805456769117335,-3.588404537189871,964,956,89676.95954641541,43170.657030536866,89671.73191008976,43166.04855079477
272,3.265281339618304,-3.9663881291304905,951,938,89677.64543217214,43169.63301765486,89671.90381906828,43165.23632318392
273,3.174282469228702,-4.089089800648542,947,934,89678.2466757788,43168.6440498589,89672.27312883087,43164.51206321908
274,3.2053892788477953,-4.095035704215068,925,925,89678.87738799989,43167.750911839874,89672.75188072406,43163.77921628923
275,3.2156831263293117,-4.017971881513271,913,918,89679.44540900626,43166.8733099956,89673.31810528332,43163.02858453605
276,3.184675758269627,-4.030044551656161,904,903,89679.96036405928,43165.98645825405,89673.81651579577,43162.20422112962
277,3.14769581446162,-3.9993025792322,885,893,89680.47157621,43165.07631996697,89674.33194446849,43161.417835565175
278,3.36799252578978,-3.9401809483461423,880,889,89681.20846766986,43164.248272233825,89674.831710942,43160.6780659146
279,3.756578229340826,-3.9191624424313574,860,875,89682.09518824905,43163.41811257462,89675.24393977433,43159.95727608643
280,4.251760431565269,-3.793760421989543,854,871,89683.07173044632,43162.509723116425,89675.68662471538,43159.317448199086
281,4.777512797672987,-3.581703549581859,848,841,89684.0515006993,43161.44654711452,89676.14586969806,43158.73039240382
282,4.33429212399665,-3.3515084534575155,840,834,89684.02938282072,43159.95677934727,89676.55895989914,43158.150038666085
283,3.7411409415440726,-3.1092359267251366,818,829,89683.71165548237,43158.43873960392,89676.91814368078,43157.55791008636
284,3.503446659005987,-2.8758168088914133,813,804,89683.57579788417,43156.99701481989,89677.19682151907,43156.9364927054
285,3.3309408260482702,-2.744259693329552,806,799,89683.3303541771,43155.59434270201,89677.29351591831,43156.275991576316
286,3.356842830485353,-2.7437178010806367,792,794,89683.1169162556,43154.21751366678,89677.17825190199,43155.61361742888
287,3.5680036598548637,-2.8643307032837977,774,782,89682.92313092257,43152.8248273185,89676.86885164326,43154.9975278886
288,3.702052844628744,-2.853929392150645,769,780,89682.50560893769,43151.49207087613,89676.61020315418,43154.360013298276
289,3.780931402255159,-3.050685082467786,755,760,89681.9047579388,43150.24313502462,89676.10270237828,43153.84967562012
290,3.7792125089181283,-3.366503641114457,751,732,89681.1211816315,43149.11649012857,89675.45601881445,43153.471623829515
291,3.8856623185417494,-3.632010105536745,736,721,89680.31906464514,43148.00740084738,89674.82520782872,43153.138963568075
292,3.7913654317503553,-3.7857050886483132,730,715,89679.28258195528,43147.128985816846,89674.25123104408,43152.79445187706
293,3.588023202018199,-3.832283129075506,717,711,89678.11724443834,43146.447531989135,89673.71713394237,43152.422477484324
294,3.5298125959690916,-3.8008987150865985,698,705,89676.9889380603,43145.76289056583,89673.19177864143,43152.03352918352
295,3.677347147038,-3.7098488049564167,684,698,89675.90010897352,43145.00077318086,89672.65578046127,43151.63741363652
296,3.8651663632954802,-3.576187252120848,677,690,89674.74922707035,43144.296273599895,89672.09459526652,43151.24801249141
297,4.260620325042187,-3.549637442254759,662,681,89673.58154609107,43143.49340217436,89671.45878056389,43151.009650767126
298,4.48374962334645,-3.434988950263013,657,659,89672.28800287608,43142.96026881288,89670.81264400049,43150.74035472406
299,4.45512327917415,-3.2382532956748205,650,665,89670.93568170063,43142.792123207284,89670.12455976392,43150.44262151303
300,4.1784224257619975,-3.1219256973084635,625,635,89669.6246534025,43142.979796698506,89669.35565577807,43150.27518722925
301,4.089863257843701,-2.9691001172832925,621,631,89668.41380913263,43143.05950226754,89668.51618265593,43150.11772326104
302,3.9540737140566935,-3.0298329095657284,616,608,89667.29610049484,43143.234339959534,89667.61420127586,43150.21099844484
303,3.846769708136497,-3.150147257332072,605,596,89666.2696435672,43143.39879707009,89666.65207686048,43150.385254813315
304,3.750714266111598,-3.314407278391117,596,586,89665.32813876281,43143.54589047979,89665.62123336326,43150.60492993242
305,3.6426731744505956,-3.5813052609727922,584,572,89664.46551050912,43143.67997249466,89664.50703136994,43150.90383160552
306,3.499355847529836,-3.8413393362613624,579,563,89663.67391336725,43143.81037099582,89663.28613360364,43151.14081659185
307,3.341344691728274,-4.10552462918981,569,556,89662.94395789114,43143.90614732041,89661.94459129665,43151.28565469507
308,3.1822320312411216,-4.156753715715748,542,547,89662.27144502055,43143.94654783176,89660.52562387886,43151.07485901571
309,3.0179236912469616,-3.825222588586577,535,534,89661.65148403893,43143.92931746133,89659.18091008315,43150.31092504376
310,2.9666384641570023,-3.6605367128553157,529,520,89661.12925755876,43143.74246739926,89657.84441708276,43149.49827089434
311,2.872755976123665,-3.690941490937705,508,512,89660.65118237562,43143.53199992492,89656.50466409023,43148.62007525338
312,2.899701488920843,-3.719050523526378,502,499,89660.29910466005,43143.15158972337,89655.32761446052,43147.52104774448
313,2.8866242680627705,-3.6547320499124476,478,493,89659.95798146288,43142.71354876583,89654.44396138866,43146.23277099522
314,2.9488481795039716,-3.5496544369552874,471,482,89659.73107094166,43142.15908190016,89653.82542301316,43144.87088181915
315,3.034117168141931,-3.417666783230979,465,467,89659.58409647681,43141.533377419735,89653.43942512665,43143.500235359104
316,3.0449402779117856,-3.14103021072517,458,454,89659.42529474733,43140.87272162283,89653.36922574801,43142.133776404284
317,3.022773553879491,-2.897010433381309,439,448,89659.29069249712,43140.15763410214,89653.41082286113,43140.84391066419
318,2.992066088545802,-2.7142925001843246,435,431,89659.2026817084,43139.38892723816,89653.50127808274,43139.62667719189
319,2.933339798193383,-2.6563383388366786,421,424,89659.13805921139,43138.570674914576,89653.5493530794,43138.466437464725
320,2.895272764474649,-2.6432372918860167,413,410,89659.13957353558,43137.70736162289,89653.61274648985,43137.34781127734
321,2.847330565246773,-2.6738025091959674,401,400,89659.16860658069,43136.801817750435,89653.6735644427,43136.26569992065
322,2.7946441590317774,-2.7296636814842734,392,387,89659.22018715234,43135.85556734594,89653.73265652782,43135.21918321532
323,2.8180098730227057,-2.7882212956590786,376,381,89659.36250864404,43134.879171732755,89653.79623979446,43134.210980883596
324,2.8932708363141426,-2.8566701456003414,370,366,89659.5579891074,43133.86796941773,89653.84232320859,43133.24108455695
325,3.0307830724590015,-2.880751574747003,355,361,89659.80202759101,43132.81643233867,89653.91169696042,43132.316185452146
326,3.1837009988917533,-2.9104053968223207,341,349,89660.03112973568,43131.71083953477,89653.94344584351,43131.43112970063
327,3.362147360349487,-2.9206872376621393,333,343,89660.23572720433,43130.543169664685,89653.95305584824,43130.58846003115
328,3.513548172996208,-2.9060574893871802,323,317,89660.34024984053,43129.30962952775,89653.93838063296,43129.7865021623
329,3.647159861307652,-2.9232630983503682,316,294,89660.32914596962,43128.017075798816,89653.83723547732,43129.02977320117
330,4.0404767083763735,-2.9971722019665195,301,289,89660.4470745984,43126.61364787027,89653.62309173465,43128.33462435487
331,4.390472436699352,-3.1667145299324204,298,285,89660.36576306092,43125.15050476359,89653.26151232603,43127.727459622416
332,4.84086793960705,-3.26153674963376,274,280,89660.19821813756,43123.60146929298,89652.92057020069,43127.1630422959
333,4.829991777348488,-3.3610310805448576,261,275,89659.43662790608,43122.26376852025,89652.5284629676,43126.66491753401
334,4.552508567016962,-3.3667303919906315,253,239,89658.3112168933,43121.17651872345,89652.16917005507,43126.175479248086
335,4.22117559694164,-3.368118461609188,247,235,89657.04885705309,43120.28843224565,89651.75926173682,43125.730634529406
336,3.9599760118146925,-3.3480438325636053,228,232,89655.77158622586,43119.527287432116,89651.30762278292,43125.313493825415
337,3.957977528884644,-3.2569327329765208,221,229,89654.58487043722,43118.71621898741,89650.83962892776,43124.88291146576
338,4.035838112336603,-3.2573983973259524,207,214,89653.35999210803,43117.97296243717,89650.27116591121,43124.579811270894
339,4.219579837016828,-3.2944784338380138,196,200,89652.099669815,43117.26591086714,89649.65368041316,43124.370712591604
340,4.541318641988485,-3.366676735499783,190,181,89650.79726909361,43116.557600427244,89649.00403224818,43124.25959318929
341,4.376910781679899,-3.4402450494022907,177,159,89649.3593859842,43116.46478907451,89648.335682604,43124.214624987406
342,3.987748128785221,-3.6889940855176055,170,151,89647.96367908751,43116.735645614994,89647.63372390387,43124.40529362528
343,3.7297118534239897,-3.834399284947641,162,146,89646.66524143133,43116.99087843182,89646.92811615957,43124.55042036178
344,3.470638242622304,-3.9475314058637667,147,136,89645.44912647027,43117.33612380732,89646.19883903164,43124.71631161042
345,3.330449885146049,-4.040241165472665,136,128,89644.29045273123,43117.63034683429,89645.44240576646,43124.91046295756
346,3.2862540474180593,-4.089321816214507,121,121,89643.16634363876,43117.88214617189,89644.65573986532,43125.10577532907
347,3.2887823737305104,-4.067256180377769,108,112,89642.06404559039,43118.13100113812,89643.838282726,43125.26986559937
348,3.2747274209299557,-4.013688264052586,98,102,89640.98005852557,43118.43723855791,89643.01409988396,43125.436072671495
349,3.3624009756260755,-3.923227564930518,86,90,89639.87020376918,43118.69230549405,89642.19213497154,43125.59802911453
350,3.6178990766065944,-3.828991748130097,69,83,89638.69632594133,43118.84398340768,89641.38653195987,43125.78797178133
351,3.778046326491853,-3.700040308892643,62,78,89637.54328012838,43119.1493851092,89640.58886452716,43125.97918711191
352,3.9768360957691113,-3.5690937486385343,52,65,89636.3663017526,43119.491566550154,89639.81117748734,43126.20527553915
353,4.12627969496911,-3.4763925569788197,39,50,89635.20991000485,43119.95706354662,89639.07504021772,43126.50392491739
354,4.205526557040986,-3.3358033676009264,33,42,89634.10283049781,43120.56389056624,89638.33802486413,43126.8036650583
355,4.18722841501687,-3.408236686631586,25,19,89633.08559519362,43121.326124578394,89637.7516479294,43127.319374279294
356,4.115632103170951,-3.446003537882756,12,4,89632.16208168295,43122.187986867626,89637.17682781976,43127.847549991355
357,3.9679070648595793,-3.5723646681075936,4,3989,89631.36535281925,43123.14112654394,89636.68634901612,43128.48366313997
